text,polarity,subjectivity
Building for Echo Show and Echo Spot VUI GUI Best Practices Alexa Blogs,1.0,0.3
Enter to win an EchoSpot from sweeps giveaways,0.8,0.4
Enter to win an EchoSpot from sweeps giveaways,0.8,0.4
How to Disable the Camera on the Echo Spot,0.0,0.0
FreeKindleBook Education Teaching Free Amazon Echo Dot The Complete User Guide to Amazon Echo Dot 2nd Generation with Latest Updates the 2018 Updated User Guide by Amazon Free Movie web Echo Spot Echo Show Alexa Skills Kit,0.28,0.58
AmzCOM free Kindle eBook Amazon Echo Dot The Complete User Guide to Amazon Echo Dot 2nd Generation with Latest Updates the 2018 Updated User Guide by Amazon Free Movie web Echo Spot Echo Show Alexa Skills Kit,0.28,0.58
Just saw this on Amazon Echo Spot Black by Amazon for 129 99 via,-0.166666666667,0.433333333333
The Echo Spot is my new favorite Alexa device,0.318181818182,0.727272727273
6 reasons why the Amazon Echo Spot is the perfect alarm clock and 2 reasons why it isn t,1.0,1.0
How to Change the Clock Face on the Echo Spot,0.0,0.0
we re surrounded i have the EchoSpot and EchoShow at work and the EchoDot at home we had fun with AskAlexa on NewYearsEve,0.3,0.2
Enter to win an EchoSpot from sweeps giveaways,0.8,0.4
An Amazon Echo device with a cute little screen too Turns out the Amazon Echo Spot is terrific Well except for one glaring problem alexa,0.104166666667,0.833333333333
Hoping adds this capability to EchoSpot soon alexa,0.0,0.0
Amazon Echo Spot via,0.0,0.0
Links summaries for this week s posts AmazonAlexa Alexa AmazonEcho EchoDot EchoSpot smarthome developers,0.0,0.0
Amazon Echo Spot Review Ratings,0.0,0.0
New post Introducing Echo Spot has been published on Tubebular,0.136363636364,0.454545454545
I m finally getting my echo spot 45mins on the phone with really paid off with their amazing support for my satisfaction thankyou,0.266666666667,0.7
New Amazon Echo This will walk you through all the basics of setting it up for your use in the Amazon Alexa app whether you have an Echo Dot an Echo Spot or just a plain old Echo classic alexa,0.0471861471861,0.294588744589
How did I miss the release of the Echo Spot This is too cute,0.5,1.0
8 Echo Spot Black giftideas,-0.166666666667,0.433333333333
Just saw this on Amazon Echo Spot Black by Amazon for 129 99 via,-0.166666666667,0.433333333333
inspiration Echo Spot goashape dribbble design graphicdesign art,0.0,0.0
Enter to win an EchoSpot from sweeps giveaways,0.8,0.4
Echo Spot by RyanScottyLew,0.0,0.0
Amazon s Echo Spot Is a Good as Hell Alarm Clock,0.7,0.6
CES showed us smart displays will be the new normal Before the start of CES 2018 the only real smart speakers with a display were the Amazon Echo Show and the Echo Spot But now that Google has partnered with several manufacturers to make a whole line,0.146011131725,0.587384044527
Amazon Echo Spot buy it iot,0.0,0.0
Engadget CES showed us smart displays will be the new normal Before the start of CES 2018 the only real smart speakers with a display were the Amazon Echo Show and the Echo Spot But now that Google has partnered with several manufacturers to make a,0.137012987013,0.618614718615
Amazon Echo Spot buy it,0.0,0.0
All you need to know to start building for Echo Show and Echo Spot is here via,0.0,0.0
You re not the only one My Echo Spot started immediately,0.0,1.0
EchoSpot music lyrics weather forecasts to do shopping lists browse listen to Audible audiobooks,0.0,0.0
Echo Spot is now my favorite toy I ask it to play any song I want and it just plays I don t even care about any other functions Had it 5 minutes and I am in love Sound is as good as my Walkman from childhood,0.395,0.595
Enter to win an EchoSpot from sweeps giveaways,0.8,0.4
Asking Alexa to take a picture of you is really cool but the result is really awkward from an Echo Spot,-0.125,0.825
HiTech Gadget Apple Gaming CES showed us smart displays will be the new normal Before the start of CES 2018 the only real smart speakers with a display were the Amazon Echo Show and the Echo Spot But now that Google has partnered with several,0.137012987013,0.618614718615
CES showed us smart displays will be the new normal Before the start of CES 2018 the only real smart speakers with a display were the Amazon Echo Show and the Echo Spot But now that Google has partnered with several manufacturers to make a whole l,0.146011131725,0.587384044527
CES showed us smart displays will be the new normal Before the start of CES 2018 the only real smart speakers with a display were the Amazon Echo Show and the Echo Spot But now that Google has partnered with several manufacturers to make a whole l,0.146011131725,0.587384044527
CES showed us smart displays will be the new normal Before the start of CES 2018 the only real smart speakers with a display were the Amazon Echo Show and the Echo Spot But now that Google has partnered with several manufacturers to make a whole l,0.146011131725,0.587384044527
CES showed us smart displays will be the new normal Before the start of CES 2018 the only real smart speakers with a display were the Amazon Echo Show and the Echo Spot But now that Google has partnered with several manufacturers to make a whole l,0.146011131725,0.587384044527
CES showed us smart displays will be the new normal Before the start of CES 2018 the only real smart speakers with a display were the Amazon Echo Show and the Echo Spot But now that Google has partnered with several manufacturers to make a whole l,0.146011131725,0.587384044527
amazon ces CES showed us smart displays will be the new normal Before the start of CES 2018 the only real smart speakers with a display were the Amazon Echo Show and the Echo Spot But now that Google has partnered with several manufacturers to make,0.137012987013,0.618614718615
Apple Homepod already feels old to me Looking at CES it needs a screen even if it is like the Echo Spot which I m enjoying a lot but yes it wouldn t be the great speaker that the Homepod is promising to be because of the size difference,0.4,0.5125
CES showed us smart displays will be the new normal Before the start of CES 2018 the only real smart speakers with a display were the Amazon Echo Show and the Echo Spot But now that Google has partnered with several manufacturers to make a whole,0.146011131725,0.587384044527
US 129 99 Echo Spot Black amazon deal echospot amazonechospot alexa amazonelexa smarthome smarttech smar,-0.166666666667,0.433333333333
Alexa Fast Tips Friday AmazonAlexa does language translation now AmazonEcho EchoDot EchoSpot smarthome,0.2,0.6
The Echo Spot,0.0,0.0
Echo Spot Black Next Generation via,-0.0833333333333,0.216666666667
6 reasons why the Amazon Echo Spot is the perfect alarm clock and 2 reasons why it isn t,1.0,1.0
I liked a video Echo Spot Smart Home Cameras,0.407142857143,0.721428571429
Enter to win an EchoSpot from sweeps giveaways,0.8,0.4
Definitely check out s VUI GUI Best Practices for Echo Show and Echo Spot AmazonEcho Alexadev IoT SmartHome VoiceDesign,0.5,0.4
Picked up an Amazon Echo Spot Technically doesn t work in Canada but it does what I need it to do LOVE IT amazon echospot,0.25,0.35
6 reasons why the Amazon Echo Spot is the perfect alarm clock and 2 reasons why it isn t,1.0,1.0
Just saw this on Amazon Echo Spot Black by Amazon for 129 99 via,-0.166666666667,0.433333333333
Amazon s newest Echo is designed to be the perfect smart alarm clock Business Insider,0.607142857143,0.821428571429
Building for Echo Show and Echo Spot VUI via,0.0,0.0
Very happy with the echo spot will move the echo dot from the bedroom to somewhere else over the weekend Might get the big one if amazon start selling direct to NZ,0.366666666667,0.5
Echo spot that I just got today but it updated The track name goes away if I touch the screen when so not all bad,-0.7,0.666666666667
EchoSpot music lyrics weather forecasts to do shopping lists browse listen to Audible audiobooks,0.0,0.0
Enter to win an EchoSpot from sweeps giveaways,0.8,0.4
Echo Spot Black,-0.166666666667,0.433333333333
New Amazon Echo This will walk you through all the basics of setting it up for your use in the Amazon Alexa app whether you have an Echo Dot an Echo Spot or just a plain old Echo classic alexa,0.0471861471861,0.294588744589
LIVE iPhone Battery Scandal Amazon Echo Spot Giveaway Like Us fb,0.136363636364,0.5
Congrats to our first Echo Spot winner The next one could be yours stop by the Pillar and booth to get entered in the drawing,0.125,0.166666666667
AmazonEchoSpot winner With over ONE THOUSAND tickets earned from our promotion our winner of the Amazon Echo Spot is Jesse A Please join us in congratulating him,0.0,0.0
An Amazon Echo device with a cute little screen too Turns out the Amazon Echo Spot is terrific Well except for one glaring problem alexa,0.104166666667,0.833333333333
so i was playing a game on my echo spot and you had to guess the name and artist of a song by a short clip of it and of course i was cheating using shazam because i m a piece of shit and it added every song to my apple music lmao fml,-2.77555756156e-17,0.625
Building for Echo Show and Echo Spot VUI GUI Best Practices,1.0,0.3
The AmazonAlexa FAQ series starts with this post Alexa AmazonEcho EchoSpot EchoDot smarthome,0.0,0.0
6 reasons why the Amazon Echo Spot is the perfect alarm clock and 2 reasons why it isn t,1.0,1.0
Building for Echo Show and Echo Spot VUI GUI Best Practices via blog Alexa and cheese,1.0,0.3
I Want 10 Echo Spot Black,-0.166666666667,0.433333333333
Here s the VUI GUI Best Practices for developing for Amazon Echo Show and Echo Spot nlproc nlp Developer developers CES CES18 CES2018,1.0,0.3
Visit us at PPAIExpo Jan 16 18 See new products chat with our sales team and enter to win an Amazon Echo Spot,0.468181818182,0.427272727273
10 Echo Spot Black giftideas,-0.166666666667,0.433333333333
Follow these tips to start designing multimodal AlexaSkills for Echo Show and Echo Spot,0.0,0.0
Amazon Echo Spot review For her next trick Alexa takes on the form of a cracking smart alarm clock,0.107142857143,0.321428571429
Alexa Blogs Building for Echo Show and Echo Spot VUI GUI Best Practices,1.0,0.3
Building for Echo Show and Echo Spot VUI GUI Best Practices,1.0,0.3
Building for Echo Show and Echo Spot VUI GUI Best Practices blogs alexa post 05a2ea89 2118 4dcb a8df af3d8ac623a8 building for echo show and echo spot vui gui best practices AmazonNews,1.0,0.3
Just saw this on Amazon Echo Spot Black by Amazon for 129 99 via,-0.166666666667,0.433333333333
Buy Cheap 8 Echo Spot White,0.2,0.35
Echo Spot White by Amazon 355 Buy new 129 99 Visit the Hot New AmazonWishList,0.130681818182,0.439772727273
How to Change AmazonEchoSpot WatchFaces Guide,0.0,0.0
Amazon s Echo Spot might not arrive by Christmas Updated CompBindTech,0.0,0.0
If you want your alarm clock pointing a camera at you in bed Echo Spot is your bedside companion 6 reasons why the Amazon Echo Spot is the perfect alarm clock and 2 reasons why it isn t Stuff via,1.0,1.0
Enter to win an EchoSpot from sweeps giveaways,0.8,0.4
Amazon Echo Spot Echo Spot,0.0,0.0
EchoSpot music lyrics weather forecasts to do shopping lists browse listen to Audible audiobooks,0.0,0.0
NEW FEATURE You can now ask Alexa to show your Canary Flex s video on your Echo Show Echo Spot or Fire TV s screen Canary Alexa Amazon HomeSecurity,0.136363636364,0.454545454545
3 things I loved about Amazon s newest Echo Spot and 3 things I didn t Time Magazine echo echospot amazon tech gadgets alexa,0.7,0.8
Amazon Echo Spot review via,0.0,0.0
Amazon Echo Spot would be 10x better and actually worth buying IFF it were USB ideally 500mA USB Micro B but even USB C powered vs a proprietary wall wart and pin connector,0.566666666667,0.533333333333
Enter to win an EchoSpot from sweeps giveaways,0.8,0.4
The Echo Spot is the best Echo,1.0,0.3
Just enabled my Amazon Echo Spot to alert me when my peeps start streaming on Twitch If any of you wake me up with a 2am stream I m gonna join your chat and rage then disable the Twitch alert,0.0,0.0
6 reasons why the Amazon Echo Spot is the perfect alarm clock and 2 reasons why it isn t,1.0,1.0
Hey Alexa geekstercollection cc blog ask me if you want info review will take a while echo spot dot and show,0.0,0.0
Thanks for your review of Echo Spot Out of interest did your US Spot work with your UK based Amazon account,0.2,0.2
Got my Echo Spot up and running now all I need to do is work out what else it can do except be a glorified kitchen timer and weather station,0.0,0.0
Amazon s Echo Spot is a great way to integrate your various smart home devices Instead of using multiple Apps everything is controlled via voice commands with Spot smart smarthome iot connected amazon amazonecho echo spot voice voicecontrol tech,0.245714285714,0.507142857143
The Amazon Echo Spot could be a great group tool especially for workgroups that use SCRUM Kanban or other agile methods Alexa remind Wilma to upload 3D model before she leaves BUT it s tied to the buyer s account Need group accounts,0.29375,0.71875
Just saw this on Amazon Echo Spot Black by Amazon for 129 99 via,-0.166666666667,0.433333333333
Amazon s home consumer AI device known as the Echo or Echo Dot or Echo Spot or Echo Show etc,0.0,0.0
Just saw this on Amazon Echo Spot Black by Amazon for 129 99 via,-0.166666666667,0.433333333333
Here s the TicToc on gadgets Which home speaker is right for you Take a look at the Amazon Echo Spot How the Google Home Max stacks up,0.285714285714,0.535714285714
No need the Homepod Let the echo spot be available in Jpn Can you hear me Amazon,0.4,0.4
EchoSpot music lyrics weather forecasts to do shopping lists browse listen to Audible audiobooks,0.0,0.0
Echo Spot will definitely make you happy,0.4,0.75
Echo Spot White by Amazon 341 Buy new 129 99 Visit the Hot New AmazonWishList,0.130681818182,0.439772727273
Buy Cheap 9 Echo Spot White,0.2,0.35
Enter to win an EchoSpot from sweeps giveaways,0.8,0.4
The Amazon echospot review an almost perfect smart alarm clock,0.607142857143,0.821428571429
malouf This reminds me I need to order an Echo Spot to replace current bedroom Dot,0.0,0.4
Buy Cheap 4 Echo Spot Black,0.116666666667,0.566666666667
Buy Cheap 7 Echo Spot White,0.2,0.35
Echo Spot White by Amazon 337 Buy new 129 99 Visit the Hot New AmazonWishList,0.130681818182,0.439772727273
Buying an Echo The Amazon Echo Spot is my favorite Simple screen for the time temperature timer count downs etc Setup is super simple by typing the WiFi password right on the screen Device size is small and portable,0.144841269841,0.552777777778
Enter to win an EchoSpot from sweeps giveaways,0.8,0.4
Facebook Messenger Google Duo Hangouts Amazon Echo Spot Slack Twitch All of them use WebRTC Wow getUserMedia FTW WebRTCBoston,0.1,1.0
Amazon s newest Echo is designed to be the perfect smart alarm clock,0.607142857143,0.821428571429
New Amazon Echo This will walk you through all the basics of setting it up for your use in the Amazon Alexa app whether you have an Echo Dot an Echo Spot or just a plain old Echo classic alexa,0.0471861471861,0.294588744589
I liked a video Amazon Echo Spot Review Best Gear of 2017 Can You Speed Up Your VPN,0.8,0.55
How to Change AmazonEchoSpot WatchFaces Guide,0.0,0.0
An Amazon Echo device with a cute little screen too Turns out the Amazon Echo Spot is terrific Well except for one glaring problem alexa,0.104166666667,0.833333333333
6 reasons why the Amazon Echo Spot is the perfect alarm clock and 2 reasons why gadget,1.0,1.0
Amazon doesn t ship to Austria so you go there and pick it of yourself developer earlyAdopter EchoSpot EchoButtons,0.0,0.0
6 reasons why the Amazon Echo Spot is the perfect alarm clock and 2 reasons why it isn t,1.0,1.0
Enter to win an EchoSpot from sweeps giveaways,0.8,0.4
Facebook is planning a home video chat product called Portal Priced at 499 this is all well in good but Amazon already proved users won t pay 299 for the Echo Show and Amazon already killed off the Echo Show with the 129 Echo SPOT,0.25,0.3
Congratulations to the winner of the Echo Spot Home Security Giveaway Laura gets to take home an Amazon Echo Spot courtesy of Hawk Home Security Remember to like our page for more giveaways from Hawk,0.5,0.5
Thank you to everyone who stopped by our booth at ASIOrlando We have some exciting news to share The winner of the Echo Spot is Jessie Cox from Worth Promoting Congratulations Follow Stouse to learn about future contests and prizes,0.2,0.341666666667
Voice assistant integration is the top smart home trend via businessinsider,0.357142857143,0.571428571429
Just saw this on Amazon Echo Spot Black by Amazon for 129 99 via,-0.166666666667,0.433333333333
Hey when will you launch the echo spot Must have one,0.0,0.0
Amazon Echo Spot review If this was a Google device with a physical webcam blocking shutter it would be the perfect alarm clock,0.5,0.571428571429
I love the clocks on the Amazon Echo Spot but we need new colors and designs I would really love a red analog clock a bright orange analog clock and a analog clock with the temperature on it I ve already sent feedback to Amazon thru the Alexa App,0.367272727273,0.490909090909
The Echo Spot is my new favorite Alexa device I got excited when the Echo Spot debuted At the time I tentatively declared it the best Echo at the time and after living with the device fo,0.502840909091,0.626136363636
Just saw this on Amazon Echo Spot Black by Amazon for 129 99 via,-0.166666666667,0.433333333333
Amazon Echo Spot Is a Perfect Travel Companion ThyBlackMan,1.0,1.0
Amazon Echo Spot Review A neat device but not worth the hefty price tag,-0.15,0.1
Amazon Echo Spot Review A neat device but not worth the hefty price tag,-0.15,0.1
Amazon Echo Spot Review A neat device but not worth the hefty price tag,-0.15,0.1
Amazon Echo Spot review For her next trick Alexa takes on the form of a cracking smart alarm clock,0.107142857143,0.321428571429
I like the Echo Spot a lot but I really wish the screen was OLED Backlit black screen lit up all night is annoying,-0.255555555556,0.511111111111
Introducing Echo Spot,0.0,0.0
As someone who has spent more time than one should looking for an alarm clock I would insta buy a 40 amazon echo spot that just keep its screen and alarm clock functions and got rid of everything else,0.2,0.3
Amazon s newest Echo is designed to be the perfect smart alarm clock,0.607142857143,0.821428571429
Amazon Echo Spot buy it iot,0.0,0.0
Amazon Echo Spot buy it,0.0,0.0
Ok guys Google home or Amazon echo I really want the echo spot I just don t know people that have either,0.35,0.35
Enter to win an EchoSpot from sweeps giveaways,0.8,0.4
Introducing Amazon Echo Spot Rich Piana Edition via,0.375,0.75
The Amazon Echo Show and Echo Spot are breakthrough products,0.0,0.0
It s also very bad for security reasons People freak out over an Echo Spot in their bedroom but putting an Android Things device in the bedroom Might be safer without a play store but still not as safe as a web based platform like the Echo Show,-0.205,0.683333333333
Enter to win an EchoSpot from sweeps giveaways,0.8,0.4
My echo Spot once again woke me up at 3 30am with a promo I went back to sleep around 5am Have contacted the site you recommended with details but no response I can t turn volume down as this is my alarm clock Help now don t refer amazon help,-0.0777777777778,0.144444444444
Just saw this on Amazon Echo Spot Black by Amazon for 129 99 via,-0.166666666667,0.433333333333
Alexa start The Gorilla Channel for Echo Show and Echo Spot,0.0,0.0
Echo Spot White blob,0.0,0.0
Echo Spot Black blob,-0.166666666667,0.433333333333
Product of the week Introducing Echo Spot White,0.0,0.0
I liked a video The Dirtiest Echo Spot Rainbow Six Siege,0.6,0.8
Hey do you plan to introduce the Echo Spot to the UK,0.0,0.0
Alexa Tip Turn Echo Show or Echo Spot into a Photo Frame Slideshow,0.0,0.0
Alexa Tip Turn Echo Show or Echo Spot into a Photo Frame Slideshow,0.0,0.0
Alexa Tip Turn Echo Show or Echo Spot into a Photo Frame Slideshow,0.0,0.0
Amazon Echo Spot review For her next trick Alexa takes on the form of a cracking smart alarm clock,0.107142857143,0.321428571429
Ordered one when they first came out Love it Your really need to experiment with it Currently have echo show two echo dots and an echo tap Going to get the echo spot next The dot is a good one to start with cheap decent speaker,0.277083333333,0.4375
Alexa Tip Take a Selfie with Echo Show and Echo Spot,0.0,0.0
Alexa Tip Take a Selfie with Echo Show and Echo Spot,0.0,0.0
Alexa Tip Take a Selfie with Echo Show and Echo Spot,0.0,0.0
New Amazon Echo This will walk you through all the basics of setting it up for your use in the Amazon Alexa app whether you have an Echo Dot an Echo Spot or just a plain old Echo classic alexa,0.0471861471861,0.294588744589
We love gadgets and the new Spot looks cool but will The Two Bobs buy one Listen to TTB048 Magic Unicorn Formula at EchoSpot BSPN UnderdogPods,0.371590909091,0.676136363636
This week s LME AmazonAlexa eastereggs Alexa AmazonEcho EchoDot EchoSpot humor smarthome,0.0,0.0
I added a video to a playlist Google Home Vs Amazon Echo Review Echo Spot and Echo Show Home,0.0,0.0
I added a video to a playlist 7 things Amazon Echo Spot or Show can do but Google Home can t,0.0,0.0
Amazon Echo Spot review Stuff via,0.0,0.0
5 Echo Spot Black,-0.166666666667,0.433333333333
Amazon s Echo Spot introduced late last year smartly combined the Go spebid Tech,-0.0285714285714,0.436507936508
Just saw this on Amazon Echo Spot Black by Amazon for 129 99 via,-0.166666666667,0.433333333333
How to Enable Night Mode on the Echo Spot,0.0,0.0
iHome debuts a Google Assistant powered clock radio the iGV1 Amazon s Echo Spot introduced late last year smartly combined the power of Alexa with a more traditional clock radio type form factor and interface complete with a screen for video viewing,0.0857142857143,0.493253968254
iHome debuts a Google Assistant powered clock radio the iGV1 Amazon s Echo Spot introduced late last year,-0.15,0.333333333333
iHome debuts a Google Assistant powered clock radio the iGV1 Amazon s Echo Spot introduced late last year smartly combined the power of Alexa with a more traditional clock radio type form factor and interface complete with a screen for video viewing,0.0857142857143,0.493253968254
iHome debuts a Google Assistant powered clock radio the iGV1 Amazon s Echo Spot introduce,0.0,0.0
With a craft beer to warm up we ll talk about the cold the new Spot how some Oregonians can t pump their own gas and share a crazy news story from Florida Listen to TTB048 Magic Unicorn Formula at BSPN Underdogpods echospot,0.106060606061,0.825757575758
Why do need a mic on your fridge A mic and camera in your bedroom echo spot,0.0,0.0
Enter to win an EchoSpot from sweeps giveaways,0.8,0.4
How to Change AmazonEchoSpot WatchFaces Guide,0.0,0.0
I liked a video Amazon Echo Spot review,0.6,0.8
Is it just me or does the echo spot look like a smart er Nest,0.214285714286,0.642857142857
New blog post Amazon Echo Spot Review,0.136363636364,0.454545454545
New post Introducing Echo Spot has been published on Tubebular,0.136363636364,0.454545454545
Don t forget to enter our EchoSpot giveaway,0.0,0.0
Amazon Echo Spot Review Best Gear of 2017 Can You Speed Up Your VPN TekThing,1.0,0.3
Enter to win an EchoSpot from sweeps giveaways,0.8,0.4
Will you guys be making skins for the echospot I would love to get mine decorated,0.5,0.6
great podcast today lots of good info about the iPhone battery issue Also excited to maybe win that sweet amazon EchoSpot,0.605,0.63
EchoSpot music lyrics weather forecasts to do shopping lists browse listen to Audible audiobooks,0.0,0.0
Amazon Echo Simple Guide to Your Smart Speaker with Alexa 2017 Updated Second Generation Echo Echo Plus Echo Spot English Edition Computers Technology,0.0535714285714,0.25
It is 5am I was awakened by a promotional announcement from my Echo Spot at 3am How dare Amazon to not inform customers that this device would be used to torment customers There is no way I have found to turn off Amazon s promotional messages Please help,0.0,0.0
Just saw this on Amazon Echo Spot Black by Amazon for 129 99 via,-0.166666666667,0.433333333333
Amazon Echo Spot review For her next trick Alexa takes on the form of a cracking smart alarm clock,0.107142857143,0.321428571429
Amazon s Echo Spot Is a Good as Hell Alarm Clock,0.7,0.6
Enter to win an EchoSpot from sweeps giveaways,0.8,0.4
Amazon Echo Spot Review 4K via,0.0,0.0
Because I m paranoid I placed tape on my EchoSpot s camera even though I turned it off in the settings And it s not blocking the light sensor,0.4,0.7
Could you please tell me if when the Echo Spot is coming to the UK,0.0,0.0
Dude I need some tech support with me Echo Spot DM me,0.0,0.0
Enter to win an EchoSpot from sweeps giveaways,0.8,0.4
An Echo device with a cute little screen Turns out the Amazon Echo Spot is terrific Well except for one glaring problem alexa,0.104166666667,0.833333333333
The Echo Spot is the best Echo,1.0,0.3
Just got an Echo Spot and life is already 2936282 better,0.5,0.5
Buy Cheap 5 Echo Spot Black,0.116666666667,0.566666666667
Echo Spot Black by Amazon 288 Buy new 129 99 Visit the Hot New AmazonWishList,0.0890151515152,0.548106060606
New Amazon Echo unit This will walk you through all the basics of setting it up for your use in the Amazon Alexa app whether you have an Echo Dot an Echo Spot or just a plain old Echo classic alexa,0.0471861471861,0.294588744589
my husband asked me what time it was this morning I said if only you had an echo spot next to you he got one for the holidays,0.0,0.5
Hello EchoSpot Alexa,0.0,0.0
Amazon Echo Spot Review Best Gear of 2017 Can You Speed Up Your VPN,1.0,0.3
Links summaries for all of this week s posts AmazonAlexa AmazonEcho Alexa EchoDot EchoSpot smarthome,0.0,0.0
Amazon Echo Spot Is a Perfect Travel Companion,1.0,1.0
Amazon Echo Amazon Echo 2nd Generation User Guide 2017 Updated Make the Best Use of Alexa alexa dot echo,0.5,0.15
Amazon Echo Spot Hands On Review via,0.0,0.0
Amazon Echo Spot review via,0.0,0.0
Echo Spot is designed to fit anywhere in your home Use 2nd generation far field voice recognition to watch video flash briefings see music lyrics weather forecasts to do and shopping lists browse and listen to Audible audiobooks and more,0.25,0.475
Just saw this on Amazon Echo Spot Black by Amazon for 129 99 via,-0.166666666667,0.433333333333
I really really wanna buy the new Amazon Echo Spot What better alarm clock really But the always on Camera is a bit much I mean I like to film my own porn as much as they next man but it s not for Bezos to watch,0.190482954545,0.405255681818
EchoSpot music lyrics weather forecasts to do shopping lists browse listen to Audible audiobooks,0.0,0.0
How to Enable Night Mode on AmazonEchoSpot,0.0,0.0
When is the echo spot coming to the U K market,0.0,0.0
Amazon Echo Spot review For her next trick Alexa takes on the form of a cracking smart alarm clock,0.107142857143,0.321428571429
How to Enable Night Mode on Amazon Echo Spot,0.0,0.0
Enter to win an EchoSpot from sweeps giveaways,0.8,0.4
Enter to win an EchoSpot from sweeps giveaways,0.8,0.4
Echo Spot Unboxing via,0.0,0.0
The EchoSpot is hot Everyone needs one on their office desk It has headphone jack output VoiceXP,0.25,0.85
Amazon Echo Spot Now Available For 129 99 Gadgets,0.4,0.4
An Amazon Echo device with a cute little screen Turns out the Amazon Echo Spot is terrific Well except for one glaring problem alexa,0.104166666667,0.833333333333
New Amazon Echo unit This will walk you through all the basics of setting it up for your use in the Amazon Alexa app whether you have an Echo Dot an Echo Spot or just a plain old Echo classic alexa,0.0471861471861,0.294588744589
Amazon s newest Echo is designed to be the perfect smart alarm clock Business Insider,0.607142857143,0.821428571429
REGISTER NOW live myCUGC webinar 1 31 1PM ET on How to Proactively Monitor Troubleshoot Resolve Citrix End User Issues no matter where you are Opt in at registration to win an Amazon gift card or Echo Spot,0.468181818182,0.45
AmazonAlexa Alarms Reminders Timers Alexa AmazonEcho EchoDot SmartHome EchoSpot,0.0,0.0
Enter to win an EchoSpot from sweeps giveaways,0.8,0.4
Amazon Echo Spot review Stuff via,0.0,0.0
I d rather Amazon themselves make wearable Alexa then 3rd party companies Still want an Echo Spot Watch,0.0,0.0
Alexa Tip Take a Selfie with Echo Show and Echo Spot,0.0,0.0
Alexa Tip Turn Echo Show or Echo Spot into a Photo Frame Slideshow,0.0,0.0
Alexa Tip Turn Echo Show or Echo Spot into a Photo Frame Slideshow,0.0,0.0
Alexa Tip Turn Echo Show or Echo Spot into a Photo Frame Slideshow,0.0,0.0
Alexa Tip Turn Echo Show or Echo Spot into a Photo Frame Slideshow,0.0,0.0
Alexa Tip Turn Echo Show or Echo Spot into a Photo Frame Slideshow via,0.0,0.0
Alexa Tip Take a Selfie with Echo Show and Echo Spot,0.0,0.0
Alexa Tip Take a Selfie with Echo Show and Echo Spot,0.0,0.0
Alexa Tip Take a Selfie with Echo Show and Echo Spot,0.0,0.0
Alexa Tip Take a Selfie with Echo Show and Echo Spot via,0.0,0.0
Our new Echo Spot announces the New Year Ehh I know the New Year is old news but we wanted to see what the Echo Spot would do when the New Year clock struck 12 Frankly it was more exciting then watching Anderson Cooper and Andy Cohen ring the year in,0.206493506494,0.474025974026
Picking up my first ever echo today Trying to decide between the 2nd gen echo and the echo spot I typically listen to music through my soundbar at home but am intrigued by sonos Is just one ok Or do you recommend going with the 2nd gen echo,0.116666666667,0.266666666667
Loving my new Echo Spot from Now I don t have to leave my bed on a snow day,0.368181818182,0.702272727273
Echo Show Stand Echo Spot Holder 360 Rotating Station Metal Adjustable Desktop Rotatable Base For Echo Show And,-0.8,1.0
Amazon Echo Spot review Stuff,0.0,0.0
Just saw this on Amazon Echo Spot Black by Amazon for 129 99 via,-0.166666666667,0.433333333333
How to Change the Clock Face on the Echo Spot,0.0,0.0
Circuit Breaker Live specialty phone cases and Amazon s Echo Spot from 0 100k followers want to know,0.136363636364,0.5
Amazon Echo Spot review For her next trick Alexa takes on the form of a cracking smart alarm clock,0.107142857143,0.321428571429
Happy New Year Amazon any word on UK release of the Amazon Echo Spot Thanks,0.378787878788,0.551515151515
Enter to win an EchoSpot from sweeps giveaways,0.8,0.4
Amazon Echo Spot gadget,0.0,0.0
Amazon s newest Echo is designed to be the perfect smart alarm clock,0.607142857143,0.821428571429
Bluetooth Not Working on AmazonEcho Devices Here is a Fix AmazonEchoPlus EchoDot EchoShow EchoSpot,0.0,0.0
EchoSpot music lyrics weather forecasts to do shopping lists browse and listen to Audible audiobooks more,0.5,0.5
Retweeted Minguela Photography Greetings I ve been enjoying my new Alexa Echo Spot Take a look,0.318181818182,0.527272727273
Amazon s Echo Spot Unboxing via,0.0,0.0
Enter to win an EchoSpot from sweeps giveaways,0.8,0.4
I loved it Sounds like a great routine I bought an Echo Spot for Christmas and am using it as an alarm to keep from using my phone I like that I can wake to a song that makes me happy play my fan sounds and just yell at it to turn off,0.766666666667,0.85
For those playing the home game I have a few Echo Dots 2nd Gen a Tap a Echo Show a Echo Spot a Echo 1st Gen Harmon Kardon Invoke Cortana and a Google Mini Wish they would play music in sync,-0.2,0.166666666667
Now if I can get Alexa Echo Spot and Invoke Cortana and the Google Mini to all play the same music in sync I would be set,0.0,0.125
ESIST techTV recommends Amazon Echo Spot Unboxing and Walkthrough latesttech techvideo techie news,0.0,0.0
I m kinda considering the Echo spot too Anyone tried it,0.0,0.0
Amazon Echo Spot review The alarm clock reinvented,0.0,0.0
I worry a little now that I ve put an Echo Spot with a camera in the bedroom,-0.1875,0.5
Was he using Echo Spot,0.0,0.0
Enter to win an EchoSpot from sweeps giveaways,0.8,0.4
Just what I need another gadget on my desk Here s my new Amazon Echo Spot I have to admit it s very cool,0.295681818182,0.649772727273
Aluminum Bracket for Echo Show or Echo Spot Speaker Horizontal 360 Rotation Longitudinal,0.0,0.0
Enter to win an EchoSpot from sweeps giveaways,0.8,0.4
The AmazonAlexa FAQ series starts with this post Alexa AmazonEcho EchoSpot EchoDot smarthome,0.0,0.0
I got an Echo Spot for the compelling content,0.3,0.6
