id,retweet_count,favorite_count,full_text
952610719018766337,0,0,Building for Echo Show and Echo Spot: VUI &amp; GUI Best Practices : Alexa Blogs https://t.co/0rCqL3pyXW
952596248367980544,0,0,Enter to win an @Amazon #EchoSpot from @GeekWire &amp; @AndruEdwards! https://t.co/xYmuzCDNGf #sweeps #giveaways https://t.co/0z9Bt0vPmW
952578109492088832,0,0,Enter to win an @Amazon #EchoSpot from @GeekWire &amp; @AndruEdwards! https://t.co/niTcvbXjR4 #sweeps #giveaways https://t.co/NhWLmdrphH
952559816152674306,0,0,How to Disable the Camera on the Echo Spot https://t.co/uErC3ww2cr https://t.co/y83Nu7po47
952549940068102144,0,0,"#FreeKindleBook [Education &amp; Teaching][Free] Amazon Echo: Dot: The Complete User Guide to Amazon Echo Dot 2nd Generation with Latest Updates (the 2018 Updated User Guide, by Amazon, Free Movie, web ... Echo Spot, Echo Show, Alexa Skills Kit) - https://t.co/gTYoOe8AVk"
952544912389672965,0,0,"#AmzCOM #free #Kindle #eBook https://t.co/t7WxvylOpA Amazon Echo: Dot: The Complete User Guide to Amazon Echo Dot 2nd Generation with Latest Updates (the 2018 Updated User Guide, by Amazon, Free Movie, web ... Echo Spot, Echo Show, Alexa Skills Kit)"
952533005159075840,0,0,Just saw this on Amazon: Echo Spot - Black by Amazon for $129.99 https://t.co/f21QirH7sz via @amazon
952501993339105281,0,0,"The Echo Spot is my new favorite Alexa device
https://t.co/Lh33ndGoGD

https://t.co/haYTD2MyRk"
952488090014310400,0,4,"6Ô∏è‚É£ reasons why the Amazon Echo Spot is the perfect alarm clock - and 2 reasons why it isn't

‚û° https://t.co/2SovVZDget https://t.co/cmQ3hFswza"
952487622454267904,0,0,How to Change the Clock Face on the Echo Spot https://t.co/KF5HiMOebu https://t.co/hD1qikBFv6
952346477359190016,0,1,@Fradice we're surrounded! i have the #EchoSpot and #EchoShow at work and the #EchoDot at home. we had fun with #AskAlexa on #NewYearsEve https://t.co/fNKXO2R2YN
952312779540779010,0,0,Enter to win an @Amazon #EchoSpot from @GeekWire &amp; @AndruEdwards! https://t.co/xYmuzCDNGf #sweeps #giveaways https://t.co/0z9Bt0vPmW
952306009774743553,0,0,"An Amazon Echo device with a cute little screen too? Turns out the Amazon Echo Spot is terrific! Well, except for one glaring problem: https://t.co/DJL0TBDFhu #alexa"
952292192248324097,0,0,Hoping @nbcwashington adds this capability to #EchoSpot soon! #alexa  https://t.co/ndF5gYW1sS
952269851053129729,0,0,Amazon Echo Spot: https://t.co/GZ7Wp1exAf via @YouTube
952269016428507136,0,0,Links + summaries for this week's posts https://t.co/vUNdwrv2oO #AmazonAlexa #Alexa #AmazonEcho #EchoDot #EchoSpot #smarthome #developers https://t.co/OGb1cvawfW
952266584902590464,0,0,Amazon Echo Spot Review &amp; Ratings https://t.co/3tGytvEdrs https://t.co/RHEcSNB7Bo
952255850717921280,0,0,New post (Introducing Echo Spot) has been published on Tubebular - https://t.co/CJi7KUHeHv https://t.co/o62QGDFsbt
952245010413572097,0,0,I‚Äôm finally getting my echo spot. 45mins on the phone with @AmazonHelp really paid off with their amazing support for my satisfaction. #thankyou üòçüíã
952239069630676992,0,0,"New Amazon Echo? This will walk you through all the basics of setting it up for your use in the Amazon Alexa app, whether you have an Echo Dot, an Echo Spot or just a plain old Echo classic: https://t.co/R9pWiK34Fe #alexa"
952221816902311936,0,0,How did I miss the release of the Echo Spot. This is too cute! https://t.co/kooHxzjxSq
952209197596381185,0,0,#8: Echo Spot - Black https://t.co/WLBdvj8CxD #giftideas
952193961338327040,0,0,Just saw this on Amazon: Echo Spot - Black by Amazon for $129.99 https://t.co/9oEVFl5MmP via @amazon
952175705395167232,0,0,https://t.co/xgUUfJsEfg inspiration: Echo Spot https://t.co/Gdvjk9rgI3 #goashape #dribbble #design #graphicdesign #art https://t.co/VPTMAqbnl5
952165429312675840,0,0,Enter to win an @Amazon #EchoSpot from @GeekWire &amp; @AndruEdwards! https://t.co/niTcvbXjR4 #sweeps #giveaways https://t.co/NhWLmdrphH
952132199993798656,0,0,Echo Spot by RyanScottyLew https://t.co/yn9hlnL9Zb
952126833461485568,0,0,"Amazon‚Äôs Echo Spot Is a Good-as-Hell Alarm Clock
https://t.co/0AQt7VkFJE"
952089677166710784,0,0,"CES showed us smart displays will be the new normal https://t.co/XeV5m8jjWn 

Before the start of CES 2018, the only real smart speakers with a display were the Amazon Echo Show and the Echo Spot. But now that Google has partnered with several manufacturers to make a whole line‚Ä¶ https://t.co/1MQWKAaqjQ"
952088652062093313,0,0,"Amazon Echo Spot

buy it üëâ https://t.co/OuWmVNaQtq https://t.co/B1kM8gFx7m #iot"
952088462810931200,0,0,"Engadget:""CES showed us smart displays will be the new normal "" Before the start of CES 2018, the only real smart speakers with a display were the Amazon Echo Show and the Echo Spot. But now that Google has partnered with several manufacturers to make a ‚Ä¶ https://t.co/kixYHA3bwK"
952088202059317249,0,0,"Amazon Echo Spot

buy it üëâ https://t.co/4wdH44w08x https://t.co/zQGf00OVig"
952045212511232000,4,7,All you need to know to start building for Echo Show and Echo Spot is here: https://t.co/tNAiEHfpHB via @alexadevs
952037191911292928,0,1,You‚Äôre not the only one. My Echo Spot started immediately. https://t.co/CrARAYoZUR
952033887043182594,0,0,"#EchoSpot music lyrics, weather forecasts, to-do &amp; shopping lists, browse &amp; listen to Audible audiobooks. https://t.co/O7dYZEYJkM"
952021579520618497,0,8,Echo Spot is now my favorite toy.  I ask it to play any song I want and it just plays.   I don't even care about any other functions. Had it 5 minutes and I am in love.  Sound is as good as my Walkman from  childhood!
951985212615020547,0,0,Enter to win an @Amazon #EchoSpot from @GeekWire &amp; @AndruEdwards! https://t.co/xYmuzCDNGf #sweeps #giveaways https://t.co/0z9Bt0vPmW
951973085598580736,0,3,Asking Alexa to take a picture of you is really cool but the result is really awkward from an Echo Spot üòë https://t.co/G8M8JBao8T
951967972687581184,0,0,"#HiTech #Gadget #Apple #Gaming CES showed us smart displays will be the new normal - Before the start of CES 2018, the only real smart speakers with a display were the Amazon Echo Show and the Echo Spot. But now that Google has partnered with several ... https://t.co/gE6gfYr7SY"
951967938927570945,0,0,"CES showed us smart displays will be the new normal - Before the start of CES 2018, the only real smart speakers with a display were the Amazon Echo Show and the Echo Spot. But now that Google has partnered with several manufacturers to make a whole l... https://t.co/JFVb0j7dXE"
951967662007078913,0,0,"CES showed us smart displays will be the new normal - Before the start of CES 2018, the only real smart speakers with a display were the Amazon Echo Show and the Echo Spot. But now that Google has partnered with several manufacturers to make a whole l... https://t.co/wZ4Dts9QyI"
951967653228314629,0,0,"CES showed us smart displays will be the new normal - Before the start of CES 2018, the only real smart speakers with a display were the Amazon Echo Show and the Echo Spot. But now that Google has partnered with several manufacturers to make a whole l... https://t.co/Jv9Frnn49x"
951967532809940993,0,0,"CES showed us smart displays will be the new normal - Before the start of CES 2018, the only real smart speakers with a display were the Amazon Echo Show and the Echo Spot. But now that Google has partnered with several manufacturers to make a whole l... https://t.co/AuzyBk3CQ5"
951959598591823872,0,1,"CES showed us smart displays will be the new normal - Before the start of CES 2018, the only real smart speakers with a display were the Amazon Echo Show and the Echo Spot. But now that Google has partnered with several manufacturers to make a whole l... https://t.co/kIGzuKxTEX"
951954223440134144,0,1,"#amazon #ces CES showed us smart displays will be the new normal: Before the start of CES 2018, the only real smart speakers with a display were the Amazon Echo Show and the Echo Spot. But now that Google has partnered with several manufacturers to make‚Ä¶ https://t.co/a9rzb3S9U0"
951953887325339648,0,0,"Apple Homepod already feels old to me. Looking at CES it needs a screen, even if it is like the Echo Spot, which I'm enjoying a lot. (but yes, it wouldn't be the great speaker that the Homepod is promising to be because of the size difference)"
951951943873654785,0,0,"#CES showed us smart displays will be the new normal: Before the start of CES 2018, the only real smart speakers with a display were the #Amazon Echo Show and the Echo Spot. But now that #Google has partnered with several manufacturers to make a whole‚Ä¶ https://t.co/96q1kfOMoJ"
951937912198828039,0,0,US $129.99 Echo Spot - Black https://t.co/rpaWYKAEfa #amazon #deal #echospot #amazonechospot #alexa #amazonelexa #smarthome #smarttech #smar
951906639359045632,0,0,#Alexa Fast Tips Friday: #AmazonAlexa does language #translation now! https://t.co/WQ7x6ygpoq #AmazonEcho #EchoDot #EchoSpot #smarthome https://t.co/TF7FzNKEOl
951898664112279552,0,0,The Echo Spot https://t.co/74B1bf6Bmn
951889489617702912,0,0,Echo Spot - Black Next Generation https://t.co/Ta9WhKQiB5 via @YouTube
951873167164928000,0,1,"6Ô∏è‚É£ reasons why the Amazon Echo Spot is the perfect alarm clock - and 2 reasons why it isn't

‚û° https://t.co/rKgJ6U4ezC https://t.co/YJTN6cL2w0"
951870915779989505,0,0,I liked a @YouTube video https://t.co/jAwMCEbde2 Echo Spot: Smart Home Cameras
951867085143138304,0,0,Enter to win an @Amazon #EchoSpot from @GeekWire &amp; @AndruEdwards! https://t.co/niTcvbXjR4 #sweeps #giveaways https://t.co/NhWLmdrphH
951861741704671232,6,12,Definitely check out @cwillycs's VUI &amp; GUI Best Practices for Echo Show and Echo Spot! https://t.co/E25fHCg0yy #AmazonEcho #Alexadev #IoT #SmartHome #VoiceDesign https://t.co/vMJo4zSjSh
951855281692057600,0,0,Picked up an Amazon Echo Spot. Technically doesn‚Äôt work in Canada but it does what I need it to do. LOVE IT. #amazon #echospot
951841463142412288,0,1,"6Ô∏è‚É£ reasons why the Amazon Echo Spot is the perfect alarm clock - and 2 reasons why it isn't

‚û° https://t.co/d9whxpuNDg https://t.co/8IdQeIccFB"
951811780174589952,0,0,Just saw this on Amazon: Echo Spot - Black by Amazon for $129.99 https://t.co/x5JpOQqE4v via @amazon
951808552280129536,0,0,Amazon's newest Echo is designed to be the perfect smart alarm clock - Business Insider https://t.co/ax3HRu28Ik
951763290702495744,0,0,Building for Echo Show and Echo Spot: VUI  https://t.co/hg1YhpQkgr via @alexadevs
951752015318728704,0,0,"Very happy with the echo spot, will move the echo dot from the bedroom to somewhere else over the weekend. Might get the big one if amazon start selling direct to NZ."
951749920620335104,0,0,@AmazonHelp Echo spot that I just got today but it updated. The track name goes.away if I touch the screen when so not all bad.
951704419044864001,1,0,"#EchoSpot music lyrics, weather forecasts, to-do &amp; shopping lists, browse &amp; listen to Audible audiobooks. https://t.co/O7dYZEYJkM"
951649764164055040,0,0,Enter to win an @Amazon #EchoSpot from @GeekWire &amp; @AndruEdwards! https://t.co/xYmuzCVoxN #sweeps #giveaways https://t.co/0z9Bt0Nqeu
951606882631933952,0,0,Echo Spot ‚Äì Black https://t.co/sPo0qNs1gA https://t.co/wkezD2gOjh
951604889917980672,0,0,"New Amazon Echo? This will walk you through all the basics of setting it up for your use in the Amazon Alexa app, whether you have an Echo Dot, an Echo Spot or just a plain old Echo classic: https://t.co/R9pWiJLtNG #alexa"
951604641661321217,0,0,√∞¬ü¬î¬¥ LIVE: iPhone Battery Scandal &amp; Amazon Echo Spot Giveaway! Like Us @ fb: https://t.co/weU5eQ3y8o https://t.co/fneYSeogM7
951595395091705856,1,4,Congrats to our first Echo Spot winner @codemash! The next one could be yours‚Äîstop by the Pillar and @loopbypillar booth to get entered in the drawing. https://t.co/B1HgQ1z4Rv
951552741851172865,0,0,"#AmazonEchoSpot #winner!

With over ONE THOUSAND tickets earned from our promotion...our winner of the Amazon Echo Spot is Jesse A.! Please join us in congratulating him! https://t.co/eXk39B2mF2"
951520836632170498,0,1,"An Amazon Echo device with a cute little screen too? Turns out the Amazon Echo Spot is terrific! Well, except for one glaring problem: https://t.co/DJL0TBDFhu #alexa"
951518538912751616,0,1,so i was playing a game on my echo spot and you had to guess the name and artist of a song by a short clip of it and of course i was cheating using shazam because i‚Äôm a piece of shit and it added every song to my apple music lmao fml
951517839025844224,0,0,Building for Echo Show and Echo Spot: VUI &amp; GUI Best Practices https://t.co/eAi4CDkN42 https://t.co/RkVz8ImRcI
951514052974596096,0,1,The #AmazonAlexa FAQ series starts with this post https://t.co/ayuSVWh4gN #Alexa #AmazonEcho #EchoSpot #EchoDot #smarthome
951506556239142922,0,0,"6Ô∏è‚É£ reasons why the Amazon Echo Spot is the perfect alarm clock - and 2 reasons why it isn't

‚û° https://t.co/zuFrBBbXeh https://t.co/F7ms3S57ly"
951505687405834240,8,17,Building for Echo Show and Echo Spot: #VUI &amp; GUI Best Practices: https://t.co/RLMsOeFr5V @cwillycs via @alexadevs blog. #Alexa...and #cheese https://t.co/hdPrhn1q7k
951502926266097664,0,0,I Want: #10: Echo Spot - Black https://t.co/8zZpaG2DmD
951501921772298240,0,3,Here's the VUI &amp; GUI Best Practices for developing for Amazon Echo Show and Echo Spot https://t.co/ItyfY9qrFV #nlproc #nlp #Developer #developers #CES #CES18 #CES2018
951500484497592322,0,2,"Visit us at #PPAIExpo Jan 16-18. See new products, chat with our sales team, and enter to win an Amazon Echo Spot! https://t.co/sjbhrKo9Ks https://t.co/81R7ViuWsz"
951498775356497921,0,0,#10: Echo Spot - Black https://t.co/TnWUyEJEZl #giftideas
951491571194716160,19,46,Follow these tips to start designing multimodal #AlexaSkills for Echo Show and Echo Spot https://t.co/PnPFPfeUeN https://t.co/SFf8OX6Ii1
951485362806886401,1,1,"Amazon Echo Spot review // For her next trick, Alexa takes on the form of a cracking smart alarm clock https://t.co/PL2oq42YxP https://t.co/ChYBgYYCxk"
951484773297467392,0,0,#Alexa Blogs: Building for Echo Show and Echo Spot: VUI &amp; GUI Best Practices / https://t.co/uQOiT0eedA
951484628740616192,0,0,Building for Echo Show and Echo Spot: VUI &amp; GUI Best Practices https://t.co/U2DBDUo3cg https://t.co/3KR5BGAvKc
951483504738689024,0,0,Building for Echo Show and Echo Spot: VUI &amp; GUI Best Practices /blogs/alexa/post/05a2ea89-2118-4dcb-a8df-af3d8ac623a8/building-for-echo-show-and-echo-spot-vui-gui-best-practices #AmazonNews
951447372638441473,0,0,Just saw this on Amazon: Echo Spot - Black by Amazon for $129.99 https://t.co/0XzGS871RC via @amazon
951433023626596354,0,0,Buy Cheap #8: Echo Spot - White https://t.co/QRz3ZvSrnk
951431461881737216,0,0,Echo Spot - White by Amazon (355) Buy new: $129.99 (Visit the Hot New‚Ä¶ https://t.co/kcr4iZrOtZ #AmazonWishList
951415647216562176,0,1,How to Change #AmazonEchoSpot #WatchFaces (Guide). https://t.co/f8iXiNUpyl https://t.co/k4PQ3coPLw
951371153163120640,0,0,"Amazon‚Äôs Echo Spot might not arrive by Christmas [Updated]
https://t.co/GWEDoPfoQo #CompBindTech https://t.co/7mctlYxNXp"
951366023869067265,0,0,If you want your alarm clock pointing a camera at you in bed Echo Spot is your bedside companion - 6 reasons why the Amazon Echo Spot is the perfect alarm clock - and 2 reasons why it isn't | Stuff https://t.co/uULBD63GH0 via @StuffTV
951360036189687808,0,0,Enter to win an @Amazon #EchoSpot from @GeekWire &amp; @AndruEdwards! https://t.co/niTcvbXjR4 #sweeps #giveaways https://t.co/NhWLmdrphH
951348350116290560,0,0,Amazon Echo Spot - https://t.co/Bcr84xCGJr Echo Spot
951345338799001605,0,0,"#EchoSpot music lyrics, weather forecasts, to-do &amp; shopping lists, browse &amp; listen to Audible audiobooks. https://t.co/O7dYZEYJkM"
951305422316756993,1,1,"NEW FEATURE: You can now ask Alexa to show your Canary Flex's video on your Echo Show, Echo Spot, or Fire TV's screen.

https://t.co/7YelglTNV3

#Canary #Alexa #Amazon #HomeSecurity https://t.co/0SWCsl7T1D"
951305066471817216,0,1,3 things I loved about Amazon's newest Echo Spot (and 3 things I didn't) Time Magazine #echo #echospot #amazon #tech #gadgets #alexa https://t.co/Oo8tyU4ryI https://t.co/YCkjJnNTok
951299541956833280,0,0,Amazon Echo Spot review https://t.co/7aCiM9lBpb via @YouTube
951274451609399297,0,1,"Amazon Echo Spot would be 10x better (and actually worth buying) IFF it were USB (ideally 500mA USB Micro B, but even USB C) powered, vs. a proprietary wall wart and pin connector."
951243644698284033,0,0,Enter to win an @Amazon #EchoSpot from @GeekWire &amp; @AndruEdwards! https://t.co/xYmuzCDNGf #sweeps #giveaways https://t.co/0z9Bt0vPmW
951234942524014592,0,0,The Echo Spot is the best¬†Echo https://t.co/A6d4lp2Ct6 https://t.co/FkaVPECuRD
951219104823746560,0,17,Just enabled my Amazon Echo Spot to alert me when my peeps start streaming on Twitch. If any of you wake me up with a 2am stream I'm gonna join your chat and rage...then disable the Twitch alert. üòé
951212816777777152,1,3,"6Ô∏è‚É£ reasons why the Amazon Echo Spot is the perfect alarm clock - and 2 reasons why it isn't

‚û° https://t.co/2TMIj0hCJA https://t.co/4oZcAUrwH6"
951201438990036993,0,0,"Hey Alexa! #geekstercollection cc @geekster_blog @amazonecho ... ask me if you want info, review will take a while üòä echo, spot, dot and show https://t.co/tOXAC1btMb"
951186556798341126,0,0,@StuffTV Thanks for your review of Echo Spot.  Out of interest did your US Spot work with your UK-based Amazon account?
951179527702679552,0,3,"Got my Echo Spot up and running, now all I need to do is work out what else it can do except be a glorified kitchen timer and weather station... https://t.co/E3rKnSvX2d"
951139773405712384,0,0,"Amazon‚Äôs Echo Spot is a great way to integrate your various smart home devices. Instead of using multiple Apps, everything is controlled via voice commands with Spot!

#smart #smarthome #iot #connected #amazon #amazonecho #echo #spot #voice #voicecontrol #tech https://t.co/GqF5mwFBSV"
951126358666625024,0,1,"The Amazon Echo Spot could be a great group tool especially for workgroups that use SCRUM, Kanban or other agile methods.

""Alexa, remind Wilma to upload 3D model before she leaves""

BUT it's tied to the buyer's account. Need group accounts. @JeffBezos 

https://t.co/O9MqdE6E4T https://t.co/jX3DBvEFfi"
951105776415895553,0,0,Just saw this on Amazon: Echo Spot - Black by Amazon for $129.99 https://t.co/QJYrY4PPAR via @amazon
951089426784047104,0,3,@ZarrarSalahPTI Amazon's home consumer AI device known as the Echo or Echo Dot or Echo Spot or Echo Show etc.
951085373672902656,0,0,Just saw this on Amazon: Echo Spot - Black by Amazon for $129.99 https://t.co/r5ByfHN1aK via @amazon
951035913685078016,2,4,"Here‚Äôs the TicToc on gadgets: 

-Which home speaker is right for you? https://t.co/uhfrNb0HSL
-Take a look at the Amazon Echo Spot: https://t.co/ojE8rQQmKS
-How the Google Home Max stacks up https://t.co/5OlCtKFO9a https://t.co/V8lIvDboah"
951018507323371520,0,0,No need the Homepod.  Let the echo spot be available in Jpn.   Can you hear me AmazonÔºü
951011475073662976,0,0,"#EchoSpot music lyrics, weather forecasts, to-do &amp; shopping lists, browse &amp; listen to Audible audiobooks. https://t.co/O7dYZEYJkM"
950996777045577730,0,1,Echo Spot will definitely make you happy üòç https://t.co/qxgOnFRTHn
950981002905686016,0,0,Echo Spot - White by Amazon (341) Buy new: $129.99 (Visit the Hot New‚Ä¶ https://t.co/BsLZsfoW7E #AmazonWishList
950974863929376768,0,0,Buy Cheap #9: Echo Spot - White https://t.co/Dh2Ahz7F81
950973437396254721,1,0,Enter to win an @Amazon #EchoSpot from @GeekWire &amp; @AndruEdwards! https://t.co/niTcvbXjR4 #sweeps #giveaways https://t.co/NhWLmdrphH
950973228406771713,0,0,The #Amazon #echospot review: an almost-perfect smart #alarm #clock - https://t.co/0iw2XNJq6q
950945198393176065,0,2,"@alex_malouf @mita56 This reminds me, I need to order an Echo Spot to replace current bedroom Dot."
950926745846337537,0,0,Buy Cheap #4: Echo Spot - Black https://t.co/SyqvS8rEGs
950926743367553024,0,0,Buy Cheap #7: Echo Spot - White https://t.co/4tepj3ESkR
950921091278688257,0,0,Echo Spot - White by Amazon (337) Buy new: $129.99 (Visit the Hot New‚Ä¶ https://t.co/aspoYi9zgA #AmazonWishList
950902980961857541,1,1,"Buying an Echo? The Amazon Echo Spot is my favorite:

- Simple screen for the time, temperature, timer count downs, etc

- Setup is super simple by typing the WiFi password right on the screen

- Device size is small and portable 

https://t.co/8FNwEUngc3"
950894508509749250,0,0,Enter to win an @Amazon #EchoSpot from @GeekWire &amp; @AndruEdwards! https://t.co/xYmuzCDNGf #sweeps #giveaways https://t.co/0z9Bt0vPmW
950892822894465025,0,0,"Facebook Messenger, Google Duo, Hangouts, Amazon Echo Spot, Slack, Twitch. All of them use WebRTC. Wow. getUserMedia() FTW. #WebRTCBoston"
950868593553571840,0,0,Amazon's newest Echo is designed to be the perfect smart alarm clock https://t.co/IrDgOmayej
950865014771994624,0,0,"New Amazon Echo? This will walk you through all the basics of setting it up for your use in the Amazon Alexa app, whether you have an Echo Dot, an Echo Spot or just a plain old Echo classic: https://t.co/R9pWiK34Fe #alexa"
950859334946361344,0,0,"I liked a @YouTube video https://t.co/zNqQkEAwz2 Amazon Echo Spot Review, Best Gear of 2017, Can You Speed Up Your VPN???"
950855711218597888,0,0,How to Change #AmazonEchoSpot #WatchFaces (Guide). https://t.co/qNXFpu2TG1 https://t.co/niOBv2uy9Y
950826259293982720,0,0,"An Amazon Echo device with a cute little screen too? Turns out the Amazon Echo Spot is terrific! Well, except for one glaring problem: https://t.co/DJL0TBVg92 #alexa"
950804155358203904,0,0,6 reasons why the Amazon Echo Spot is the perfect alarm clock - and 2 reasons why‚Ä¶ https://t.co/zwpjFkT3bl #gadget
950801958302027776,1,2,"Amazon doesn‚Äôt ship to Austria, so you go there and pick it of yourself #developer #earlyAdopter #EchoSpot #EchoButtons @alexadevs @amazonecho https://t.co/jxhuggx6D3"
950799068938276865,0,1,"6Ô∏è‚É£ reasons why the Amazon Echo Spot is the perfect alarm clock - and 2 reasons why it isn't

‚û° https://t.co/FMULSbCS57 https://t.co/RalyWmnHgw"
950798625847889920,0,0,Enter to win an @Amazon #EchoSpot from @GeekWire &amp; @AndruEdwards! https://t.co/QXBGvnzyO3 #sweeps #giveaways https://t.co/tw7oWIkODk
950798032336969728,1,1,"Facebook is planning a home video chat product called ""Portal,"" Priced at $499.

...this is all well in good...but Amazon already proved users won‚Äôt pay $299 for the Echo Show...and Amazon already killed off the Echo Show with the $129 Echo SPOT. https://t.co/8dvkHHhA0X"
950796930212352001,0,1,Congratulations to the winner of the Echo Spot Home Security Giveaway! Laura gets to take home an Amazon Echo Spot courtesy of Hawk Home Security. Remember to like our page for more giveaways from Hawk. https://t.co/p320FwUADz
950774996707758081,0,1,Thank you to everyone who stopped by our booth at #ASIOrlando! We have some exciting news to share. The winner of the Echo Spot is Jessie Cox from Worth Promoting. Congratulations! Follow #Stouse to learn about future contests and prizes! https://t.co/SNulKbaE5C https://t.co/0wNelnDoJw
950770171773407232,0,0,"@SalihSarikaya Voice assistant integration is the top smart-home trend...
https://t.co/HJmsCGcxfe via businessinsider https://t.co/iNQOPsfkoo"
950760623306084352,0,0,Just saw this on Amazon: Echo Spot - Black by Amazon for $129.99 https://t.co/4gtpwV5v01 via @amazon
950760075731152896,0,0,Hey @amazonIN when will you launch the echo spot ? Must have one .
950755253607116800,0,0,Amazon Echo Spot review https://t.co/2tqHKct6UW If this was a Google device with a physical webcam blocking shutter it would be the perfect alarm clock.
950752372363612161,0,0,"I love the clocks on the Amazon Echo Spot but we need new colors and designs. I would really love a red analog clock,a bright orange analog clock and a analog clock with the temperature on it. I've already sent feedback to Amazon thru the Alexa App."
950728970030510081,0,0,"The Echo Spot is my new favorite Alexa device ¬†I got excited when the Echo Spot debuted. At the time, I tentatively declared it the best Echo at the time, and after living with the device fo 
 https://t.co/5IZcqYpYy1"
950724207700332544,0,0,Just saw this on Amazon: Echo Spot - Black by Amazon for $129.99 https://t.co/hUsa7zUdh8 via @amazon
950723894788411393,0,0,Amazon Echo Spot Is a Perfect Travel Companion. : ThyBlackMan https://t.co/iCe83EamPH
950719952549429248,0,0,"Amazon Echo Spot Review: A neat device, but not worth the hefty price tag https://t.co/UqnJDuFoen"
950700189500637186,0,0,"Amazon Echo Spot Review: A neat device, but not worth the hefty price tag https://t.co/2xqJHPWklR"
950698955255541760,0,0,"Amazon Echo Spot Review: A neat device, but not worth the hefty price tag https://t.co/evOPphMDZ0"
950698946690781184,1,2,"Amazon Echo Spot review // For her next trick, Alexa takes on the form of a cracking smart alarm clock https://t.co/cGEOg4FltX https://t.co/pymyoKBjqR"
950683861641396224,0,1,"I like the Echo Spot a lot, but I really wish the screen was OLED :/ Backlit black screen lit up all night is annoying."
950683277416857600,0,0,Introducing Echo Spot https://t.co/J20jEVSn5K
950674989459546112,0,0,"As someone who has spent more time than one should looking for an alarm clock, I would insta-buy a $40 #amazon echo spot that just keep its screen and alarm clock functions and got rid of everything else."
950640369104023552,0,1,Amazon's newest Echo is designed to be the perfect smart alarm clock https://t.co/JXNFFSTtBS
950639865355522048,0,0,"Amazon Echo Spot

buy it üëâ https://t.co/OuWmVNaQtq https://t.co/6Xgb7U9UxW #iot"
950639351930802177,0,0,"Amazon Echo Spot

buy it üëâ https://t.co/4wdH44w08x https://t.co/nZELUlfBUs"
950600006217666560,0,0,Ok guys.... Google home or Amazon echo. I really want the echo spot. I just don't know people that have either.
950599064147693569,0,0,Enter to win an @Amazon #EchoSpot from @GeekWire &amp; @AndruEdwards! https://t.co/niTcvbXjR4 #sweeps #giveaways https://t.co/NhWLmdrphH
950581969275977728,0,0,Introducing Amazon Echo Spot: Rich Piana Edition https://t.co/TrlALaqpmY via @YouTube
950551149525966849,0,11,The Amazon Echo Show and Echo Spot are breakthrough products.
950537106916564992,0,1,"It's also very bad for security reasons. People freak out over an Echo Spot in their bedroom, but putting an Android Things device in the bedroom? Might be safer without a play store, but still not as safe as a web based platform like the Echo Show"
950527198733139968,0,0,Enter to win an @Amazon #EchoSpot from @GeekWire &amp; @AndruEdwards! https://t.co/xYmuzCDNGf #sweeps #giveaways https://t.co/0z9Bt0vPmW
950511695780179968,0,0,My echo Spot once again woke me up at 3:30am with a promo.  I went back to sleep around 5am.  Have contacted the site you recommended with details but no response.  I can't turn volume down as this is my alarm clock.  Help now- don't refer.   amazon help
950477825127211009,0,0,Just saw this on Amazon: Echo Spot - Black by Amazon for $129.99 https://t.co/lDMJrOjLEH via @amazon
950470898527555584,2,4,"Alexa, start The Gorilla Channel https://t.co/7U7zkmBgry (for Echo Show and Echo Spot) ü¶ç https://t.co/DBlSFSR27f"
950458988746780672,0,0,"Echo Spot - White
blob:https://t.co/c6JdX1Pe9M
https://t.co/ZBHvRBUShN https://t.co/DRYoTwCAnn"
950458453767540738,0,0,"Echo Spot - Black
blob:https://t.co/NW7JWQXQLy
https://t.co/QEkW5fTIcl https://t.co/NHknRIPIHu"
950457354004451328,0,0,"Product of the week: Introducing Echo Spot - White
https://t.co/PfwjILkgua https://t.co/8SMzepCHCi"
950449088239202304,0,0,I liked a @YouTube video https://t.co/lVe8eGIelS The Dirtiest Echo Spot - Rainbow Six Siege
950444673331552256,0,0,"Hey @AmazonUK, do you plan to introduce the Echo Spot to the UK?"
950442282909609984,0,0,Alexa Tip: Turn Echo Show or Echo Spot into a Photo Frame Slideshow https://t.co/k48BRat7Dd
950442189917769728,0,0,Alexa Tip: Turn Echo Show or Echo Spot into a Photo Frame Slideshow https://t.co/SV4HWAwpxm
950442181222981632,0,0,Alexa Tip: Turn Echo Show or Echo Spot into a Photo Frame Slideshow https://t.co/kXSH0ziaTK
950433960466796545,1,4,"Amazon Echo Spot review // For her next trick, Alexa takes on the form of a cracking smart alarm clock https://t.co/9EKP2AR6wl https://t.co/SGyeRyoKdn"
950431124676841472,0,0,@nataliemwall Ordered one when they first came out. Love it.  Your really need to experiment with it. Currently have echo show two echo dots and an echo tap.  Going to get the echo spot next.  The dot is a good one to start with cheap decent speaker
950427237798596611,0,0,Alexa Tip: Take a Selfie with Echo Show and Echo Spot https://t.co/KMmYhxXVgN
950427168953298946,0,0,Alexa Tip: Take a Selfie with Echo Show and Echo Spot https://t.co/Bc6A2sZc7X
950427156890431488,0,0,Alexa Tip: Take a Selfie with Echo Show and Echo Spot https://t.co/4VjoucTaKH
950427131556843520,0,1,"New Amazon Echo? This will walk you through all the basics of setting it up for your use in the Amazon Alexa app, whether you have an Echo Dot, an Echo Spot or just a plain old Echo classic: https://t.co/R9pWiJLtNG #alexa"
950426393506172928,2,1,"We love gadgets, and the new @amazonecho Spot looks cool, but will The Two Bobs buy one? Listen to TTB048: Magic Unicorn Formula at https://t.co/S22pt9c0j1 #EchoSpot #BSPN #UnderdogPods https://t.co/cjnyy5R5ap"
950409159953887233,1,1,This week's LME #AmazonAlexa #eastereggs https://t.co/ETKIUK2AxU #Alexa #AmazonEcho #EchoDot #EchoSpot #humor #smarthome https://t.co/EbfWyqxRVt
950408142768160768,1,2,I added a video to a @YouTube playlist https://t.co/qnrq4uajJR Google Home Vs Amazon Echo Review Echo Spot and Echo Show Home
950408142432690176,1,2,"I added a video to a @YouTube playlist https://t.co/fKaUpDdicb 7 things Amazon Echo, Spot or Show can do but Google Home can't"
950407207522328582,0,0,Amazon Echo Spot review | Stuff https://t.co/veCVVko1TC via @StuffTV
950376880854609921,0,0,#5: Echo Spot - Black https://t.co/dal4tF83P7
950364049539305472,0,0,"Amazon‚Äôs Echo Spot, introduced late last year, smartly combined the‚Ä¶ https://t.co/SHC8tYCSvs ~ Go #spebid #Tech"
950362273612292096,0,0,Just saw this on Amazon: Echo Spot - Black by Amazon for $129.99 https://t.co/HMumDCDV9e via @amazon
950358011435995141,0,0,How to Enable Night Mode on the Echo Spot https://t.co/byFAELVkBK
950354963657625602,0,0,"iHome debuts a Google Assistant-powered clock radio, the iGV1 https://t.co/2DQYFLAiC1 ¬†Amazon‚Äôs Echo Spot, introduced late last year, smartly combined the power of Alexa with a more traditional clock radio type form factor and interface, complete with a screen for video viewing‚Ä¶ https://t.co/pFZgQlVj7P"
950353294110715905,0,0,"iHome debuts a Google Assistant-powered clock radio, the iGV1  Amazon‚Äôs Echo Spot, introduced late last year,... https://t.co/HmT1FeKKOI"
950352893282004992,0,0,"iHome debuts a Google Assistant-powered clock radio, the iGV1 ¬†Amazon‚Äôs Echo Spot, introduced late last year, smartly combined the power of Alexa with a more traditional clock radio type form factor and interface, complete with a screen for video viewing‚Ä¶ https://t.co/iVlG5SonJh https://t.co/Fl8AOO0lXt"
950351878927261702,0,0,"iHome debuts a Google Assistant-powered clock radio, the iGV1
https://t.co/o559BLZu8d
Amazon‚Äôs Echo Spot, introduce https://t.co/LF5RAxuwXH"
950335784929890309,14,9,"With a craft beer to warm up, we‚Äôll talk about the cold, the new @amazonecho Spot, how some Oregonians can‚Äôt pump their own gas, and share a crazy news story from Florida! Listen to TTB048: Magic Unicorn Formula at https://t.co/hjPwUXb3Gi  #BSPN #Underdogpods #echospot https://t.co/yOPQe9e9sH"
950298445679611909,0,1,"Why do need a mic on your fridge.

A mic and camera in your bedroom (echo spot)"
950266064952332288,0,0,Enter to win an @Amazon #EchoSpot from @GeekWire &amp; @AndruEdwards! https://t.co/niTcvbXjR4 #sweeps #giveaways https://t.co/NhWLmdrphH
950248457327071232,0,0,How to Change #AmazonEchoSpot #WatchFaces (Guide). https://t.co/GDbSHNCYM3 https://t.co/0pShJ3q3Cs
950231599609712641,0,0,I liked a @YouTube video https://t.co/KAaxmO6b7S Amazon Echo Spot review
950222062374694912,0,0,"Is it just me, or does the echo spot look like a smart(er) Nest?"
950219023475765248,0,0,New blog post: Amazon Echo Spot Review https://t.co/yvtQw4Iujl https://t.co/hN49C7tPxf
950193637492629505,0,0,New post (Introducing Echo Spot) has been published on Tubebular - https://t.co/uCX0A8ZS4l https://t.co/d1UwOMdxkm
950187198434824192,7,21,Don‚Äôt forget to enter our @Amazon #EchoSpot #giveaway! https://t.co/6GGbe0rCZI https://t.co/7F7yA5416C
950173740595384321,1,2,"https://t.co/vQWCVqpAsw Amazon Echo Spot Review, Best Gear of 2017, Can You Speed Up Your VPN??? #TekThing"
950168900414660608,0,1,Enter to win an @Amazon #EchoSpot from @GeekWire &amp; @AndruEdwards! https://t.co/xYmuzCDNGf #sweeps #giveaways https://t.co/0z9Bt0vPmW
950158968898359296,0,0,@skinit Will you guys be making skins for the @amazon #echospot? I would love to get mine decorated
950154741769629696,0,1,"@AndruEdwards @amazon great podcast today, lots of good info about the iPhone battery issue! Also, excited to maybe win that sweet #amazon #EchoSpot"
950143780564426757,0,0,"#EchoSpot music lyrics, weather forecasts, to-do &amp; shopping lists, browse &amp; listen to Audible audiobooks. https://t.co/O7dYZEYJkM"
950036830593859584,0,0,"Amazon Echo: Simple Guide to Your Smart Speaker with Alexa 2017 Updated (Second Generation Echo, Echo Plus, Echo Spot) (English Edition) 
 https://t.co/O2C4I4eF2Z 
 #Ê¥ãÊõ∏ #Computers  #Technology"
950001819849142273,0,0,@AmazonHelp  It is 5am.  I was awakened by a promotional announcement from my Echo Spot at 3am.  How dare Amazon to not inform customers that this device would be used to torment customers.  There is no way I have found to turn off Amazon's promotional messages.  Please help!
949996381938356224,0,0,Just saw this on Amazon: Echo Spot - Black by Amazon for $129.99 https://t.co/eo3hkrw9HL via @amazon
949951272181993472,0,2,"Amazon Echo Spot review // For her next trick, Alexa takes on the form of a cracking smart alarm clock https://t.co/FOYAkyW24T https://t.co/4Z4lKrr3RW"
949917297577283584,0,0,"Amazon‚Äôs Echo Spot Is a Good-as-Hell Alarm Clock
https://t.co/ffYtmbUPCC"
949889869840609280,0,0,Enter to win an @Amazon #EchoSpot from @GeekWire &amp; @AndruEdwards! https://t.co/niTcvbXjR4 #sweeps #giveaways https://t.co/8VCDKDpO5i
949883317146570752,0,1,Amazon Echo Spot Review - 4K: https://t.co/ss3HGJtgjy via @YouTube
949875629435965440,0,0,"Because I'm paranoid, I placed tape on my #EchoSpot's camera, even though I turned  it off in the settings. (And it's not blocking the light sensor) https://t.co/IqoVF4SbDj"
949843364781883394,0,0,@AmazonHelp Could you please tell me if/when the Echo Spot is coming to the UK?
949817824666705920,0,0,"@jimbrady Dude, I need some tech support with me Echo Spot. DM me -"
949809647548059649,0,0,Enter to win an @Amazon #EchoSpot from @GeekWire &amp; @AndruEdwards! https://t.co/xYmuzCDNGf #sweeps #giveaways https://t.co/0z9Bt0vPmW
949799241865609216,0,0,"An @Amazon Echo device with a cute little screen? Turns out the Amazon Echo Spot is terrific. Well, except for one glaring problem: https://t.co/DJL0TBVg92 #alexa"
949778974665617408,0,0,The Echo Spot is the best¬†Echo https://t.co/A6d4lp2Ct6 https://t.co/fP2jmz5rXF
949770843336343553,0,1,Just got an Echo Spot and life is already 2936282 % better
949755242828193792,0,0,Buy Cheap #5: Echo Spot - Black https://t.co/kDrkwp3E83
949752761071079424,0,0,Echo Spot - Black by Amazon (288) Buy new: $129.99 (Visit the Hot New‚Ä¶ https://t.co/GHjkvd8NDT #AmazonWishList
949747652622798848,0,0,"New Amazon Echo unit? This will walk you through all the basics of setting it up for your use in the Amazon Alexa app, whether you have an Echo Dot, an Echo Spot or just a plain old Echo classic: https://t.co/R9pWiJLtNG #alexa"
949743955876380672,0,0,@sueannejoe üòÇüòÇ my husband asked me what time it was this morning. I said if only you had an echo spot next to you (he got one for the holidays)
949731230190309376,0,1,"Hello @amazonecho üòç
@amazon
#EchoSpot
#Alexa https://t.co/OHHhMzEFpm"
949706167722348544,0,1,"Amazon Echo Spot Review, Best Gear of 2017, Can You Speed Up Your VPN??? https://t.co/CE2sZ7t83X"
949700798337839105,0,2,Links + summaries for all of this week's posts https://t.co/DCJS4kwNjD #AmazonAlexa #AmazonEcho #Alexa #EchoDot #EchoSpot #smarthome https://t.co/u74t8YMmpj
949694906037096448,0,0,Amazon Echo Spot Is a Perfect Travel Companion.. : https://t.co/paS6cF7NJO
949666622301720576,0,0,"Amazon Echo: Amazon Echo 2nd Generation User Guide 2017 Updated: Make the Best Use of Alexa (alexa, dot, echo ... - https://t.co/RQzrTz6x01 https://t.co/FAgdOatMX0"
949662782013587456,0,0,Amazon Echo Spot - Hands On Review https://t.co/iJ6WbWruh8 via @YouTube
949662706323238912,0,0,Amazon Echo Spot review https://t.co/ncmeTzPpgy via @YouTube
949662612588916736,1,1,"Echo Spot is designed to fit anywhere in your home. Use 2nd generation far-field voice recognition to watch video flash briefings, see music lyrics, weather forecasts, to-do and shopping lists, browse and listen to Audible audiobooks, and more. https://t.co/6NBnItQyl9"
949634886322843649,0,0,Just saw this on Amazon: Echo Spot - Black by Amazon for $129.99 https://t.co/kfHUM1q4HO via @amazon
949585968570527744,0,0,I really really wanna buy the new Amazon Echo Spot. What better alarm clock really? But the always on Camera is a bit much ... I mean I like to film my own porn as much as they next man but it's not for Bezos to watch üòÇüòÇ
949579587935199233,1,0,"#EchoSpot music lyrics, weather forecasts, to-do &amp; shopping lists, browse &amp; listen to Audible audiobooks. https://t.co/O7dYZEYJkM"
949569994064412672,0,0,"How to Enable Night Mode on #AmazonEchoSpot
 - https://t.co/Owdlu8qHx1 https://t.co/cUNHfxIMFS"
949567657883336704,0,0,@amazonecho @AmazonUK When is the echo spot coming to the U.K. market ?
949563701975281665,2,1,"Amazon Echo Spot review // For her next trick, Alexa takes on the form of a cracking smart alarm clock https://t.co/voDH1dqJ0Y https://t.co/AvyhKLbkAS"
949527732609863680,0,0,How to Enable Night Mode on Amazon Echo Spot https://t.co/MR3joURZeP
949518911950729222,0,0,Enter to win an @Amazon #EchoSpot from @GeekWire &amp; @AndruEdwards! https://t.co/niTcvbXjR4 #sweeps #giveaways https://t.co/NhWLmdrphH
949465858182729730,0,0,Enter to win an @Amazon #EchoSpot from @GeekWire &amp; @AndruEdwards! https://t.co/xYmuzCDNGf #sweeps #giveaways https://t.co/0z9Bt0vPmW
949454607834640384,0,0,Echo Spot Unboxing: https://t.co/HX2WSHqJk2 via @YouTube
949444762137976832,0,2,The #EchoSpot is hot! Everyone needs one on their #office desk. It has headphone jack output. #VoiceXP https://t.co/pTZYna4utC
949423827586633728,0,0,Amazon Echo Spot Now Available For $129.99 https://t.co/YCrOLYPMVX #Gadgets
949406654923030528,0,0,"An Amazon Echo device with a cute little screen? Turns out the Amazon Echo Spot is terrific. Well, except for one glaring problem: https://t.co/DJL0TBVg92 #alexa"
949400112429547521,0,0,"New Amazon Echo unit? This will walk you through all the basics of setting it up for your use in the Amazon Alexa app, whether you have an Echo Dot, an Echo Spot or just a plain old Echo classic: https://t.co/R9pWiK34Fe #alexa"
949393120986312705,0,1,Amazon's newest Echo is designed to be the perfect smart alarm clock - Business Insider https://t.co/mESDB52q3L
949377514308284417,127,21,"REGISTER NOW: @GoliathSolution live #myCUGC webinar 1/31 @ 1PM ET on How to Proactively Monitor, Troubleshoot &amp; Resolve #Citrix End User Issues‚Äìno matter where you are! Opt-in at registration to win an Amazon gift card or Echo Spot! https://t.co/K7TQkrxKfy https://t.co/Gwwi2qzwFC"
949369914883805184,0,2,"#AmazonAlexa Alarms, Reminders &amp; Timers https://t.co/BvIqqz4uai #Alexa #AmazonEcho #EchoDot #SmartHome #EchoSpot https://t.co/nf2O4LyhOE"
949368187983945729,0,3,Enter to win an @Amazon #EchoSpot from @GeekWire &amp; @AndruEdwards! https://t.co/UsUVXZIONj #sweeps #giveaways https://t.co/abdZGILlF3
949367026438557696,0,0,Amazon Echo Spot review | Stuff https://t.co/cysPCqfAVD via @StuffTV
949352570006507520,1,0,@CNET I'd rather Amazon themselves make wearable Alexa then 3rd party companies. Still want an Echo Spot Watch.
949330696526553088,0,0,Alexa Tip: Take a Selfie with Echo Show and Echo Spot https://t.co/z11AXqA2dY
949330564812886023,0,0,Alexa Tip: Turn Echo Show or Echo Spot into a Photo Frame Slideshow https://t.co/j5o8kbYEBf
949323147056177153,0,0,Alexa Tip: Turn Echo Show or Echo Spot into a Photo Frame Slideshow https://t.co/DnX3M9JZqx
949323146934542338,0,0,Alexa Tip: Turn Echo Show or Echo Spot into a Photo Frame Slideshow https://t.co/fhmsueRoHh
949323146859110401,0,0,Alexa Tip: Turn Echo Show or Echo Spot into a Photo Frame Slideshow https://t.co/CuV03mbkpq
949323043284901888,0,0,Alexa Tip: Turn Echo Show or Echo Spot into a Photo Frame Slideshow https://t.co/SuEOxgbHNE via @myITforum
949321324383662080,0,0,Alexa Tip: Take a Selfie with Echo Show and Echo Spot https://t.co/9HKnJdjTPU
949321324157075456,0,0,Alexa Tip: Take a Selfie with Echo Show and Echo Spot https://t.co/0insmx7Eeg
949321324098473984,0,0,Alexa Tip: Take a Selfie with Echo Show and Echo Spot https://t.co/eWaVpdFiNA
949321216657166337,0,0,Alexa Tip: Take a Selfie with Echo Show and Echo Spot https://t.co/gYC5U4Lj76 via @myITforum
949306471187189762,0,1,"Our new Echo Spot announces the New Year. (Ehh, I know the New Year is old news but we wanted to see what the Echo Spot would do when the New Year clock struck 12. Frankly it was more exciting then watching Anderson Cooper and Andy Cohen ring the year in. https://t.co/ZE7322uXHN"
949304953457213440,0,0,"@DanSeifert Picking up my first ever echo today. Trying to decide between the 2nd gen echo and the echo spot. I typically listen to music through my soundbar at home, but am intrigued by sonos. Is just one ok? Or do you recommend going with the 2nd gen echo?"
949303512965447680,0,0,Loving my new Echo Spot from @amazon. Now I don't have to leave my bed on a snow day. https://t.co/smiih1bXV1
949302205991006208,0,0,Echo Show Stand Echo Spot Holder-360 Rotating Station Metal Adjustable Desktop Rotatable Base For Echo Show And‚Ä¶ https://t.co/TgILUxNIQa
949280456528269314,0,0,Amazon Echo Spot review | Stuff https://t.co/DOgfS6bR35
949271656249352193,0,0,Just saw this on Amazon: Echo Spot - Black by Amazon for $129.99 https://t.co/A64kYCnWxo via @amazon
949267789499568128,0,1,How to Change the Clock Face on the Echo Spot https://t.co/NJwzUD1v1W
949267081081606150,0,0,"Circuit Breaker Live: specialty phone cases and Amazon‚Äôs Echo Spot
https://t.co/YmU4WjQhWi from 0-100k followers, want to know? https://t.co/gUavOl03cF https://t.co/U223JFZVQ1"
949264451424980993,1,0,"Amazon Echo Spot review // For her next trick, Alexa takes on the form of a cracking smart alarm clock https://t.co/JHdJKIyHrO https://t.co/4qdUQPorca"
949258081212526594,0,0,@AmazonUK Happy New Year Amazon‚Ä¶ any word on UK release of the Amazon Echo Spot? Thanks
949253524285743107,0,0,Enter to win an @Amazon #EchoSpot from @GeekWire &amp; @AndruEdwards! https://t.co/niTcvbXjR4 #sweeps #giveaways https://t.co/NhWLmdrphH
949246699700137984,0,0,Amazon Echo Spot https://t.co/QhccDgtdQy #gadget
949237597502672896,0,0,Amazon's newest Echo is designed to be the perfect smart alarm clock https://t.co/PAyrGTt0rR
949219349671288832,0,0,"#Bluetooth Not Working on #AmazonEcho Devices? Here is a Fix - https://t.co/v4ohajzGfk

#AmazonEchoPlus #EchoDot #EchoShow #EchoSpot https://t.co/8ZKVLTVyWQ"
949166542931013632,1,0,"#EchoSpot music lyrics, weather forecasts, to-do &amp; shopping lists, browse and listen to Audible audiobooks, &amp; more. https://t.co/O7dYZEYJkM"
949150767654486017,0,0,"Retweeted Minguela Photography (@cminguela):

Greetings, I've been enjoying my new Alexa Echo Spot. Take a look... https://t.co/2UkMs20KWX"
949136431502381056,0,0,Amazon‚Äôs Echo Spot Unboxing!: https://t.co/QLPt3utwcy via @YouTube
949135700577800193,0,0,Enter to win an @Amazon #EchoSpot from @GeekWire &amp; @AndruEdwards! https://t.co/Nz6fLjuSdX #sweeps #giveaways https://t.co/ikwkwW0EQw
949111527579275264,0,0,"@theMarisaMohi I loved it!! Sounds like a great routine. I bought an Echo Spot for Christmas and am using it as an alarm, to keep from using my phone. I like that I can wake to a song that makes me happy, play my fan sounds, and just yell at it to turn off!! üòÇüòÇüòÇ"
949104532268769280,0,0,"For those playing the home game, I have a few Echo Dots (2nd Gen,) a Tap, a Echo Show, a Echo Spot, a Echo (1st Gen,) Harmon Kardon Invoke (Cortana) and a Google Mini.  Wish they would play music in sync."
949104089970937857,0,0,"Now if I can get Alexa (Echo Spot) and (Invoke) Cortana and the Google Mini to all play the same music in sync, I would be set. =)"
949098309456662534,0,0,ESIST .techTV #recommends | Amazon Echo Spot Unboxing and Walkthrough https://t.co/YfhJaECcYa #latesttech #techvideo #techie #news
949096413371162624,0,0,"I'm kinda considering the Echo spot, too. Anyone tried it?"
949090732203298817,0,0,"Amazon Echo Spot review: The alarm clock, reinvented https://t.co/7MjPIwCAvZ"
949077551842058240,0,0,@WendyWarren I worry a little now that I‚Äôve put an Echo Spot with a camera in the bedroom
949063635875303424,0,0,@meghnil Was he using Echo Spot? üòâ
949044763298115584,0,0,Enter to win an @Amazon #EchoSpot from @GeekWire &amp; @AndruEdwards! https://t.co/LTikxjGXEt #sweeps #giveaways https://t.co/ASbv30JIb6
949039811582660610,0,5,"Just what I need ... another gadget on my desk. Here's my new Amazon Echo Spot. I have to admit, it's very cool. https://t.co/z3tQm9Oidd"
949038587613450241,0,0,"Aluminum Bracket for Echo Show or Echo Spot Speaker ,Horizontal 360¬∞ Rotation, Longitudinal‚Ä¶ https://t.co/Jzv6Euf09w https://t.co/XSU29bFNaV"
949016201757380608,0,0,Enter to win an @Amazon #EchoSpot from @GeekWire &amp; @AndruEdwards! https://t.co/xYmuzCDNGf #sweeps #giveaways https://t.co/0z9Bt0vPmW
949002819092201472,0,0,The #AmazonAlexa FAQ series starts with this post https://t.co/ayuSVWyF8l #Alexa #AmazonEcho #EchoSpot #EchoDot #smarthome https://t.co/VetCf3KOar
948996253765038080,3,6,I got an Echo Spot for the compelling content. https://t.co/dGfdl5ydDc
